x,y,c
5.7731174711615205,-0.00026205349631686775,1
5.495195936497029,-0.00044313893997662,1
1.0558628073641447,-0.03180375862835391,1
0.2812852156567818,-0.023605060982585524,1
2.414892317572944,-0.04138918876805461,1
5.639581147271613,-0.0018120945391909976,1
5.340477165507873,-0.013958754922455512,1
4.2362930114125765,-0.03448612631645203,1
4.112530565136549,-0.018846984323684802,1
4.230401323375025,-0.03874988184607746,1
4.848966112331657,-0.011597787089265468,1
3.856204843943516,-0.025388555445233774,1
0.2825590977823449,-0.0467571280904481,1
3.5550153681726213,-0.04203894090626344,1
2.2449460476275362,-0.03891697188187365,1
5.1747092748896835,-0.032228994947733965,1
5.019463875427618,-0.017008707446764734,1
3.53120544173248,-0.020221066080907457,1
4.612071852004977,-0.028060911289453733,1
4.480062293149039,-0.007522799966425062,1
1.7613363138216958,-0.03740331139673897,0
0.9020330979543223,-0.008131303162113399,1
3.700805022730946,-0.026855491786613707,1
2.07749969570905,-0.01876464465066881,0
6.2980671480703085,-0.012734016683352951,1
5.767758916369899,-0.018396701171442688,1
7.534139046493233,-0.00597684545424669,1
5.603194671359027,-0.0006087772414713338,1
0.009373975865425876,-0.0021901959545538446,1
1.179029933053167,-0.020647983769394453,1
3.5439504092952525,-0.019931913985726604,1
6.848332255664895,-0.034792738908264155,1
4.48521965035362,-0.0027888375506193233,1
2.327404623236255,-0.00797467569417213,1
4.298231505864043,-0.04484111517108845,1
0.929131104635391,-0.021106792126325137,1
0.1812979534010175,-0.0005253844011097603,1
4.319061547428014,-0.011108400628919157,1
1.136043246072929,-0.035041685494196645,1
7.626292908068759,-0.012231252072240552,1
0.6548960255559786,-0.02833526808781238,1
0.14405556282153587,-0.018736469835114455,1
6.980201769363208,-0.03868689315149197,1
2.7606360089224173,-0.004184914400089397,1
6.812981316095834,-0.004639250486936877,1
3.9575917188991534,-0.040592756957135136,1
5.183245272286049,-0.0004961158967259488,1
4.982411498493505,-0.04756348867092087,1
7.6270997835091805,-0.016259282909278326,1
2.1940743012321198,-0.043269339744722544,0
0.39378245000038614,-0.025154444624640882,1
5.285550828116846,-0.03675036065254207,1
3.3878557015398814,-0.012303270052146834,1
4.808171489596497,-0.031530383336992825,1
7.689318364517692,-0.001320547367572894,1
4.166320687742281,-0.0005812083497744383,1
2.021882730281745,-0.007368177600926104,0
3.677270454782608,-0.03435035951142841,1
0.4030608917811058,-0.040932721040829595,1
0.6998527729152002,-0.03305360232875233,1
5.079021731792856,-0.01936580705671851,1
5.909503522582096,-0.023194769308666898,1
1.5109870210907879,-0.04317175640340918,1
3.3434639074082444,-0.00232221764949761,1
3.044074029871725,-0.031142659952476212,1
5.281050234361704,-0.033865335727944215,1
2.5413837829887207,-0.0045370917497031815,1
5.498210063475947,-0.00777655528338235,1
4.063500118146695,-0.012359747749946089,1
2.301906081120091,-0.0415791617281844,1
3.4501970211799753,-0.045505926696837846,1
4.435140347028579,-0.015934544423634636,1
7.569651632799664,-0.013254568357581806,1
5.294711593403226,-8.973979955889666e-05,1
5.956963720117773,-0.036610138932181464,1
7.050913406447344,-0.010647830251023713,1
5.180338662692084,-0.008800625609550979,1
2.4400086114901365,-0.019266292833539783,1
0.09745887432790568,-0.0072441467045823715,1
0.7617990472056206,-0.0265326787027359,1
5.631788731238787,-0.02773474876345114,1
1.6921349270756858,-0.037776315524389925,0
3.706050281663101,-0.0014349868309626382,1
7.665149520789937,-0.049511673637920146,1
2.5202859445313477,-0.032760646731794005,1
0.928447053192051,-0.03972900669678362,1
2.3233926018479547,-0.014048970233518178,1
6.68148003676282,-0.046318188899875004,1
7.782819187826087,-0.004113449756741813,1
4.293510849923618,-0.003988467034143892,1
4.358196967303881,-0.03836299358254559,1
3.5321258826209077,-0.014230964752428098,1
1.0801909280227369,-0.0008172510891522392,1
3.3943587358665654,-0.03122509438907202,1
1.8660252824391588,-0.03411358180310648,0
4.01922967646083,-0.02948960209474912,1
0.39271192927237486,-0.040774664005335685,1
6.5998744651889965,-0.01236026808197483,1
1.1022815795963252,-0.04948672358495229,1
4.5912759020519704,-0.005490853598484488,1
7.220485156301248,-0.011039869493666803,1
4.015603933311812,-0.043226796020776836,1
4.117884468968859,-0.033299090024860256,1
2.751733778685309,-0.03790464494714277,1
2.5442376098469195,-0.03779107494639862,1
1.9638315925137944,-0.049887243962076305,0
3.16567011864709,-0.0348345560489601,1
2.6311935960666615,-0.04534504108332451,1
4.920592817078201,-0.04073896125566362,1
1.6707172703016129,-0.022045140264594212,0
5.796926509504517,-0.03184725718304866,1
6.400085588623796,-0.004771094859826248,1
7.0937445497963365,-0.04894609836248737,1
3.419855435168369,-0.010946823483213623,1
4.353342276199968,-0.028089384160162323,1
6.5716972164714695,-0.010964925819435582,1
5.714939282421969,-0.038832594601634546,1
3.7061317224905874,-0.0064566138744939355,1
5.604811830871766,-0.01852183925475892,1
6.4934276447541635,-0.03930626243106159,1
3.1035224318341177,-0.04469606098485746,1
7.853685548933408,-0.01863967034148247,1
5.501218304012561,-0.031067579035293807,1
3.2068451737871984,-0.036576126213346744,1
3.5160629612793075,-0.009287306003415735,1
2.693078695636906,-0.04433190171122644,1
0.8115428527354407,-0.03974165692776662,1
7.077554809013682,-0.03594294324064057,1
6.434825083184774,-0.030924980048178532,1
5.9068123219111595,-0.02771724207608703,1
7.419687314573935,-0.0008678132867779714,1
1.9777333326036297,-0.01690455342885326,0
1.2554789668972886,-0.028396369611264335,1
2.6303167865043413,-0.03974773288227028,1
1.005525589826318,-0.015220038356358122,1
5.89356635881105,-0.04636191966410891,1
3.2071295776249586,-0.011277759080869552,1
6.819818217107616,-0.016196425446633675,1
3.950275006186102,-0.03850711897575822,1
7.954682374309545,-0.024387037717338675,1
6.989689145108328,-0.015334635933177049,1
4.5214492965166935,-0.025340784593521827,1
6.363372702702977,-0.011369207219304518,1
4.6599186826423535,-0.017558126448736937,1
5.914540253670321,-0.0371686090215608,1
1.4874496201543401,-0.03270454711559527,1
1.835134966366522,-0.041487432658836636,0
6.288952226868971,-0.028424737521916495,1
0.13128140918264908,-0.02372723242692944,1
7.066333371003814,-0.04861997991897123,1
3.1596870605432956,-0.010543665994382188,1
1.759035944970453,-0.04216371180289455,0
2.2051904348713585,-0.03617087374691354,0
6.701166427536101,-0.003355344643977805,1
6.883212426830164,-0.0035135895353154006,1
5.958352834996211,-0.02563580163359354,1
6.117182042955144,-0.018733287233155878,1
0.7811257423960418,-0.006800492719615733,1
5.851781726789321,-0.03706854121901302,1
4.584396930661676,-0.017836850360857352,1
1.2003111982667907,-0.015135870486293133,1
6.099524434522991,-0.028141164730492774,1
3.7686524441547737,-0.03930610756392255,1
7.783881868277743,-0.00821530787168908,1
5.740549438351944,-0.022183017699186392,1
6.341151801698134,-0.031366595356133925,1
0.11145970593664067,-0.04312260355043362,1
3.0851102217922737,-0.04041603129125838,1
4.0587803165190435,-0.0006242458693966543,1
7.633657943562749,-0.013191906076013914,1
2.1958016432590304,-0.015877209248732052,0
4.180727061439692,-0.03819905705475482,1
4.666503311896323,-0.04720787434656138,1
5.518136217641431,-0.006695443432089179,1
0.9159368342260512,-0.023431553385915217,1
5.4275617335527215,-0.043442695646929264,1
1.2047309490322595,-0.041719047377654014,1
4.056315586027306,-0.022435778686398844,1
7.516883973943346,-0.02652268041366422,1
5.538195260921223,-0.031451478383481515,1
1.5089130246565494,-0.04570275270726572,1
5.038135306354866,-0.0316728119776186,1
7.288538535463939,-0.007401063775112106,1
0.7847714882130488,-0.012306253961623097,1
4.827787716765783,-0.04554439007741885,1
0.46878185051837384,-0.00835617433944788,1
5.7808259616279125,-0.01413152568090726,1
4.064439536285189,-0.026260528524932138,1
1.6209516837882019,-0.03293242552539736,1
7.059848796754144,-0.022303906440560115,1
4.124948591915139,-0.03250839590161304,1
1.9777201186568911,-0.014474370103696774,0
5.496829760272424,-0.024748872038894466,1
3.8852769059050853,-0.024286489577126792,1
7.450153720624251,-0.03915472523133373,1
2.5766346884231393,-0.011641506211622514,1
3.8027372640266774,-0.044518528241360766,1
4.230416170139597,-0.026981427787904935,1
7.693878858943597,-0.04642360064671224,1
7.044070293233861,-0.023718405863453574,1
2.368162517528819,-0.022674490193807503,1
0.37250293344519303,-0.04485823768192024,1
1.4613366592105583,-0.02144894294306637,1
3.3618914837058176,-0.03477911441801578,1
4.073286352064608,-0.034040202418494064,1
7.274296400300728,-0.04551275106192852,1
5.858741545862891,-0.03419483952597027,1
2.7151507285859964,-0.00570243572993924,1
6.328073252020115,-0.004133435363733104,1
6.432999945828136,-0.009657465345774559,1
6.058157348647771,-0.007061423562369676,1
1.8037196628783159,-0.018128495056349878,0
4.317779347434355,-0.04809397933722128,1
0.7965757318137872,-0.014954452041468329,1
1.994738066549651,-0.03188474731267455,0
2.3032499090327194,-0.014904373081463668,1
5.4661681312052055,-0.02399283798136065,1
4.1575821714315815,-0.044005257677735554,1
6.8036482726676315,-0.010905677166089783,1
4.545041543490144,-0.01791723507285669,1
7.19651663316205,-0.015364202409534317,1
6.138678695110129,-0.013809736344672606,1
7.809666341141812,-0.0029305845861769472,1
1.4015519086936798,-0.04989245445124988,1
6.9490984579526325,-0.0014505864025127352,1
0.22087198104730454,-0.006468535375881906,1
6.30468570876986,-0.04692464241362209,1
7.2560403359768495,-0.028856833041527516,1
2.109411927329049,-0.039676117747924046,0
5.643123518652884,-0.011469048924120664,1
1.274110031620717,-0.045256190487615484,1
1.6091158782607407,-0.04618769750851582,1
1.5427125939625848,-0.01578050072607682,1
3.5086227865485053,-0.046464262991898965,1
4.908943788903144,-0.013184231583591742,1
0.464536728508933,-0.008361314189397152,1
3.9500423863690193,-0.04007926761041027,1
2.197530041898376,-0.02246273888797043,0
7.349314267133497,-0.01711622326001254,1
2.49012641059855,-0.042204288917905515,1
6.127898396273236,-0.03492505829746348,1
2.466549760909434,-0.023033545002173295,1
6.824423921119681,-0.0013087876283280897,1
1.7615357315811622,-0.045475168884017425,0
5.733837443418795,-0.012335622549959485,1
0.38994317872674955,-0.0045116938244176286,1
6.549044710609401,-0.029517916363897737,1
0.7911408890646694,-0.003447803685861145,1
1.0883427332368125,-0.004425140651336208,1
7.942506066469538,-0.0035284801243000985,1
5.354927454370254,-0.013646592542607798,1
7.524372467510898,-0.014895359293178388,1
2.658957742026157,-0.04094976222627027,1
0.17246619170411126,-0.02539575760612093,1
4.782232146417885,-0.012440588579102317,1
3.66982805993527,-0.03719271199776458,1
1.9799024700129095,-0.038658743636566295,0
3.6227113397818718,-0.018875372432421173,1
2.6838815657741497,-0.026250140718326705,1
3.746752842389877,-0.00453991373391531,1
5.83739962721712,-0.024225867862388284,1
0.8936795795307901,-0.04315387754579363,1
0.8939441743233427,-0.025113458972276965,1
5.946207792379598,-0.04817943780573858,1
7.662116450272423,-0.010549903785956743,1
0.5549546742840059,-0.00963500553078861,1
7.53047191150533,-0.023503355900100626,1
3.008060008436683,-0.010617594255437984,1
6.244666941444174,-0.01934282473538905,1
2.603774259302144,-0.006767841176018974,1
1.5505226799781022,-0.04296338072351878,1
4.622067364110849,-0.035980554354228506,1
7.870640107815781,-0.019844018250901697,1
5.457952794876841,-0.04299118153253675,1
5.878477302705522,-0.046591423660925765,1
5.774053019537753,-0.04494742598558886,1
3.830547810994714,-0.015678980832129978,1
6.236171998597096,-0.014725423394509517,1
3.5175798435065486,-0.027083144017934088,1
3.3678006098936892,-0.021460540820148907,1
5.104599046827198,-0.025922349797394745,1
0.7149162024974673,-0.0037854204757964693,1
5.939256464632302,-0.010127466767901147,1
6.942655362994397,-0.0404566843869191,1
6.178948923393536,-0.022134656989680142,1
3.0397005306079796,-0.039855943262403305,1
1.0550763951104178,-0.03359381340468666,1
5.239828999472585,-0.03649715111496016,1
2.3898765931891406,-0.04044222831659172,1
3.4865673589556447,-0.0018750987731334864,1
1.0530620015687937,-0.02673183712492711,1
3.553868756195871,-0.02464804168690414,1
4.012849619618914,-0.012015001280259438,1
4.60377245171842,-0.0013670775276670918,1
2.088559050910116,-0.008978382300646175,0
1.6231371671647974,-0.02560628820602196,1
7.1027920794335895,-0.03368611280396451,1
1.0696451938944298,-0.03867666356634941,1
3.7404923012105034,-0.007166203316783991,1
1.5867839712274652,-0.031093470644977663,1
6.185427627234392,-0.019686409668484884,1
1.4435286169672015,-0.0072081493134480285,1
5.36759555813469,-0.02683146331474596,1
7.09950934854381,-0.049962540532451846,1
2.8951016735546427,-0.008012469469795475,1
7.564063131265817,-0.033743235258693674,1
7.454559519751413,-0.00848178626646933,1
2.7148369908126284,-0.016446925769713787,1
3.9464618903248185,-0.04727557781763083,1
3.4358160986607773,-0.02081034590516985,1
3.957527363520355,-0.041461243716188256,1
6.341485731863059,-0.010980402199482972,1
2.9462105619881847,-0.02752106699502731,1
2.686212511287721,-0.04868142744681339,1
3.1939654408852265,-0.04708359409956577,1
4.0565205579408214,-0.008235294275727431,1
1.2326432620786374,-0.027938587354451917,1
4.707248089154275,-0.03250527704675963,1
0.48271622095785904,-0.03333064837319375,1
0.32493425221411165,-0.04136290857614691,1
6.013211234251999,-0.021384880953223946,1
2.867211556851011,-0.04414824329651171,1
0.6889029738008015,-0.03450937979830268,1
5.068162605693412,-0.03793854523135202,1
0.7537376509405043,-0.009706455853153932,1
1.1326641215017847,-0.013808964903161192,1
4.672825441129468,-0.04711430407619006,1
3.859117443152943,-0.008083634703742869,1
4.1143718997685745,-0.041300390891160506,1
2.368169687475305,-0.029586228981933332,1
6.1597299372204315,-0.020271812958434388,1
6.917596647411506,-0.0022076816547856107,1
6.411995837146143,-0.020948410948429287,1
6.257548208857251,-0.0481633806887851,1
6.536099815475026,-0.0035096163324342122,1
5.4973036213645345,-0.0165741880023463,1
6.508583005299797,-0.03725886834154346,1
5.017582566876471,-0.001531649681727261,1
1.8962789514637564,-0.019461181965876057,0
0.6026895419849589,-0.038696922554570454,1
7.050215395861396,-0.03865990161767518,1
3.8020439148338383,-0.018386161159324878,1
1.2592784317872683,-0.042483409334531576,1
1.8978529085062013,-0.02567869466825415,0
6.692815907273964,-0.010613580224855292,1
1.2693562928023878,-0.00833395660853959,1
6.5287922385825725,-0.0003183036040538406,1
0.5020109718550803,-0.02463226133763559,1
3.0499927966167553,-0.042647286602306836,1
5.014317978873083,-0.03171524707711733,1
1.2849167237583856,-0.004274054648188204,1
2.087128509150773,-0.011165685494845,0
4.364988315317771,-0.01518807003254799,1
3.030247484584251,-0.03953820490524673,1
4.594195889504346,-0.019529879069514436,1
7.206178038184654,-0.04263829463658317,1
0.24663990262579993,-0.04146850430832178,1
3.290714655806971,-0.02485328164595323,1
1.8311327826153958,-0.021672098123896918,0
4.887335079210449,-0.04436437084536973,1
5.116679481539039,-0.01442804697274866,1
4.726283707594379,-0.021708317584675764,1
4.318156534511825,-0.025842142055987324,1
2.658800727507499,-0.016399944228808694,1
6.189529077988498,-0.03806235065702833,1
0.10100489561920423,-0.04150616614951541,1
4.314268600767647,-0.012024946557875657,1
1.1755098912829602,-0.009439623791118755,1
6.548645557587366,-0.030033893505495225,1
4.597188705374504,-0.025646485983200504,1
1.7405778988543013,-0.04373927783275079,0
2.5244406738130687,-0.0336236637952064,1
7.55251594786771,-0.022872175686332846,1
3.859955870753539,-0.028857953214052597,1
0.4366081350062112,-0.01961679526377813,1
2.116675469549816,-0.04073717646852631,0
4.287755374487808,-0.013383427292037967,1
4.467449254863262,-0.028284675889374496,1
3.190147888002156,-0.03195057990158534,1
5.611564016542215,-0.0016152046877652912,1
5.08328649216604,-0.004210694682588743,1
6.603337258530443,-0.02078962814154662,1
2.2728012654082104,-0.013081085308033084,1
1.7712665698991232,-0.008738554353337431,0
0.7856327915823513,-0.012594992320657167,1
0.6324213048385516,-0.03718471591341278,1
4.691024715687864,-0.03995839847363874,1
5.165109565419734,-0.0009471917133845945,1
5.124632853117082,-0.01441232924708382,1
6.260763283025432,-0.04724213799242384,1
2.8585391280195145,-0.03261761957474794,1
1.3348629325162555,-0.016409416938753404,1
7.654127943011351,-0.03429948093048599,1
3.021237106091415,-0.0231463806287915,1
4.539941547711271,-0.024128095550433794,1
7.157850349677038,-0.01713398354296209,1
3.5928253478045376,-0.0261894862096846,1
3.68481560628313,-0.024928128759948206,1
3.4597114621237255,-0.04335669917453229,1
5.099609996059816,-0.007005573935451502,1
7.488071957437145,-0.03235909781428303,1
5.6909323575006745,-0.011809381721568576,1
2.8486833432755327,-0.04476871729973789,1
5.557021269261353,-0.010332737132276684,1
3.345301812743469,-0.024458811121867888,1
3.9425124062622983,-0.00045444298123971383,1
3.782342061454174,-0.01076038260592762,1
7.150258366964479,-0.029245615619597144,1
0.8008479097452232,-0.040790414700747575,1
4.026689760962598,-0.0009005113082783817,1
7.271908343077684,-0.007943674812987488,1
0.9699912637158166,-0.049947480224238075,1
4.255177402289089,-0.0290295988966186,1
3.8411346253544894,-0.04416687615119169,1
7.862237295272459,-0.006547277436604458,1
1.340205546139246,-0.012239062458643243,1
3.971635855280039,-0.01571881667138269,1
4.363682756023032,-0.03320105938572294,1
6.797429994983074,-0.041065542157792484,1
0.147531495166068,-0.007757504966307678,1
6.734673533884998,-0.03425173743943068,1
6.025647194592237,-0.037394387806219495,1
1.5800446190320017,-0.019975725168637423,1
2.7871738585816725,-0.0038846072520482694,1
0.8742613345219956,-0.024890607957341437,1
6.800383268698798,-0.003625676384658112,1
4.707989410687179,-0.012987870407645874,1
0.13413429114565023,-0.01772331523473504,1
7.507983392106175,-0.049075987824303946,1
1.080289540301112,-0.01105131585888229,1
7.780109391301614,-0.02738841284786363,1
0.07408940081796445,-0.033529946244535036,1
4.197911926971201,-0.0024315163558492198,1
0.21327607119447567,-0.010242385408838005,1
4.250120144525707,-0.034343217184939746,1
5.393567164445578,-0.01647231242688304,1
5.449372730625698,-0.04707032989330755,1
1.4466124516437624,-0.04557894752861297,1
5.000693653915953,-0.012628012757419788,1
0.24994606561789912,-0.027801541148026868,1
0.3538570305516915,-0.049078511736517456,1
1.3901839260831759,-0.011704098005173066,1
1.9952332417189682,-0.015522731088801207,0
2.42157528623098,-0.030222679326793452,1
0.9191859994284117,-0.03918065940179642,1
0.37082771223017286,-0.012601411898960142,1
3.495347085998442,-0.006128857880159384,1
7.513713424559029,-0.04055752872821551,1
1.2792447297742147,-0.02938640977735893,1
6.075794920003206,-0.00653714999050483,1
6.983522218609663,-0.03610051250051331,1
2.325544613381367,-0.03741021611766616,1
4.52547365377417,-0.04810555823200288,1
2.546472568793713,-0.036307841941047664,1
3.384421450978179,-0.010050621889087605,1
3.299636548695383,-0.023076560886035487,1
0.06163278722063836,-0.04391220890317099,1
7.289186364087678,-0.028192351217301376,1
1.346051680634397,-0.009649134633838465,1
4.637147171378663,-0.03589732610455962,1
4.657178105064954,-0.0036685007976235556,1
2.296638955012079,-0.04788759608290763,1
5.2598210999762305,-0.04979975769739329,1
7.398631780369357,-0.025297058157907677,1
6.614500894110109,-0.012875327489427595,1
2.445191404200151,-0.021443019426442517,1
2.6180387415623594,-0.015326238783908382,1
3.7872452464567816,-0.043400017510632466,1
7.863146340149696,-0.0071695758939868195,1
2.569815660410632,-0.01765942461207222,1
5.248316760808056,-0.0007015837950401921,1
1.8907248424650538,-0.03185383595002991,0
2.4262468238296835,-0.03618168522303848,1
0.6247647031216719,-0.004258194075866389,1
5.193690306646676,-0.0027472736750057125,1
0.4625947963782657,-0.009080720338698556,1
5.711677254587943,-0.004508290363676851,1
1.829675281518889,-0.011654842503111808,0
5.44968906495465,-0.04027411199754263,1
6.486312590478861,-0.0018176711666404582,1
3.7946443649883106,-0.024700469202525555,1
5.726990874384413,-0.009970013607076986,1
2.475064710892812,-0.041796170915209464,1
2.6738665020268746,-0.047161944548007755,1
2.1528845014823803,-0.025993099851404206,0
0.1677041862264952,-0.029993419767105362,1
7.722359112038686,-0.0182746450251624,1
7.249025845932983,-0.026964070752175773,1
4.905276706822899,-0.030306751260537675,1
5.662554702180501,-0.005448887497800911,1
0.30610703613510637,-0.00015871327675535257,1
6.972857303616176,-0.0429668721899108,1
7.581619260282099,-0.025838771409127898,1
2.880082373179537,-0.005933031855087041,1
3.8773804112019326,-0.02118552043730562,1
7.515793748869406,-0.044686638543643964,1
6.737673908375426,-0.02223772692258833,1
1.9629289431392047,-0.03339395992759149,0
3.9122857260061625,-0.0414459372076357,1
6.400847556589748,-0.007497878593557897,1
3.94787945946753,-0.023856070476416844,1
4.410830055182359,-0.011361448692414629,1
4.969150282522375,-0.029093166844737228,1
0.17428784929770114,-0.0393856942601266,1
1.8810334056771385,-0.02070990825820934,0
2.412651627297201,-0.005544744966321576,1
2.678699272824038,-0.027777391815512725,1
3.599086948491399,-0.030737664746156104,1
3.738106615608057,-0.038526320584555726,1
3.854457220766786,-0.026079822847174784,1
0.3019129966776557,-0.036552608775128066,1
1.0533418086809254,-0.02091469506256921,1
5.58348326316261,-0.03331277866196201,1
1.6120952812411842,-0.002100157761459255,1
0.8808713507563724,-0.04121716980258682,1
5.9833897598075145,-0.04169166960477213,1
7.766810602886287,-0.005677591470728181,1
5.65262779296904,-0.04803062507311831,1
3.7306454568749965,-0.043078118702498946,1
5.150355199799072,-0.015095975571510982,1
0.4491703420105235,-0.04165188352640467,1
2.0033580608406583,-0.02490600294607207,0
2.8443168315127085,-0.030565583378038705,1
7.641120631208854,-0.017765132687276274,1
1.4338066910117169,-0.03593817157720144,1
6.533426039882986,-0.03256843595819467,1
3.448060762593692,-0.0032191059288063373,1
1.1443475542356527,-0.021894632913731806,1
0.8382260726653543,-0.004407783786271519,1
0.5505259307868542,-0.022488316544549098,1
5.489213995245502,-0.00476957821716411,1
0.45856247380240944,-0.021998092729041147,1
0.6395520966591954,-0.022182928512796563,1
6.638429261229773,-0.03435827170452187,1
7.477084824235602,-0.0009811609389143092,1
0.05114854692637927,-0.028208938089772314,1
1.2094684541419438,-0.03002793522110926,1
7.591512867472848,-0.041682556998999115,1
5.449191770383261,-0.025530227467244287,1
0.77673651143831,-0.028303206846329473,1
3.3158919822510837,-0.04641353173576685,1
1.4513676980435042,-0.03587647039500664,1
1.9460004004732507,-0.009379445730564748,0
3.6655112536533787,-0.04255853963180916,1
5.56070858746104,-0.017002008831964094,1
4.054266085895856,-0.04859447646274084,1
0.16708607389573338,-0.019407635102283213,1
3.3172624451312576,-0.042330571794734526,1
0.22933696184235863,-0.026205119098893073,1
2.5460361850511655,-0.02000026950140242,1
2.2380656060234516,-0.03985238230179922,1
1.2207272082788982,-0.008813252560586925,1
2.6099275168418803,-0.03879262847640174,1
5.359204939148188,-0.010772875612492197,1
0.15016608323433278,-0.006979258761078723,1
3.0882228335776842,-0.0006077108076368021,1
3.1212987578832294,-0.009457472655499871,1
2.465924883196095,-0.002883019808375728,1
3.941649803355598,-0.003961437422957348,1
3.422134132528572,-0.036386587036737944,1
1.3301508747809878,-0.0330057820172336,1
3.373504227548773,-0.013901444747721203,1
3.027425125667273,-0.01957816786293274,1
6.815758364676684,-0.008294639630681784,1
1.0842406449925104,-0.011993002486195455,1
0.2835633221431628,-0.046006342481538544,1
5.369298925131883,-0.031122848046125764,1
6.070170168985519,-0.002070032453744819,1
6.26464744787393,-0.031208557323298816,1
3.3467422533444635,-0.018934613030636673,1
0.4167135881045603,-0.027800580383413723,1
5.50509990153482,-0.04292624334319532,1
7.499639377495463,-0.009889371697873642,1
1.446095113742703,-0.0050205024516535995,1
6.396430558022564,-0.046836028313947696,1
0.4133743331775248,-0.04169215266814977,1
1.5511396740417487,-0.003409316040070283,1
5.739821412906618,-0.013374288833445054,1
5.773342576877879,-0.040503075211104876,1
1.0815788008862395,-0.0013677196346734005,1
2.783295052520023,-0.001995322704752188,1
3.220119539549815,-0.045435208678743684,1
4.149678685809199,-0.03416533812966772,1
1.6389379200426326,-0.020148894782834315,1
7.8333285725513235,-0.048456980390448795,1
5.13745883420775,-0.041508616136080444,1
7.918537151048574,-0.041266183794236695,1
7.551099006706869,-0.023550923688549052,1
3.0535230068637604,-0.008210337984955733,1
6.080931544066932,-0.02514138920132744,1
1.7318651154874312,-0.023172939227430814,0
1.038659318487504,-0.0031145839791518262,1
2.100213523651811,-0.0015539298385991093,0
0.5864452222610401,-0.035697214568189466,1
0.5947094195548068,-0.03644435634589991,1
5.85958528166344,-0.03889861294225573,1
4.429858706655801,-0.032133060251067415,1
5.071076281386899,-0.003751522326212939,1
6.002728515920918,-0.021408257839564605,1
5.92465049338963,-0.04602446845363759,1
5.229425061618037,-0.031553790652721854,1
2.6106863717546887,-0.04846453042660409,1
2.082744285740369,-0.010701193814454599,0
0.1823990037514127,-0.0004842607259887416,1
6.474376964776259,-0.02177907560078703,1
1.407121961438051,-0.0017438552665136955,1
1.956536750658131,-0.03053034809403552,0
3.882391082097759,-0.04843342742954934,1
5.5563106380809995,-0.03332577090475419,1
5.6441979801804765,-0.045649998767035904,1
0.6114135832574084,-0.01386614122213782,1
6.112931361068336,-0.0388224126578131,1
2.797002263515365,-0.040312879075421575,1
1.0432145670380812,-0.005014459775897637,1
2.1297768391800407,-0.03274691450149257,0
3.5808085631771984,-0.03271324189633744,1
5.084203155317709,-0.019640485363449835,1
5.100899359593646,-0.03780553249998474,1
6.131885330080174,-0.0350100629073225,1
4.10998937757017,-0.03865206017853745,1
3.2799375551419008,-0.015460920776592273,1
6.682616290288436,-0.030215392754092546,1
3.529831751525373,-0.027587571082211472,1
5.861775654859451,-0.02594980882932489,1
6.095685579452845,-0.004819836498585493,1
5.417106195408776,-0.003081094969253753,1
6.255649891007322,-0.014748434431067783,1
4.922536559221731,-0.03486235546551905,1
6.27025403290856,-0.028394217974927062,1
7.301108193370224,-0.019960243276662355,1
5.21157119960413,-0.02837387793333795,1
7.441806215319553,-0.0027070691461611243,1
4.5971812300675206,-0.0449260575435348,1
5.08431709497986,-0.04104759640056934,1
1.1454934380137223,-0.010308536166502007,1
1.520214696445354,-0.034765035459199047,1
6.276921092506689,-0.029529500870265697,1
7.926502018844799,-0.02335477529790908,1
2.2697187049275414,-0.019709265460821232,1
2.4335661340190953,-0.021454931132617573,1
6.338566174205541,-0.006633358745055648,1
2.083412656266166,-0.00841733470461166,0
4.384723148390094,-0.004239505516377598,1
4.845398277025863,-0.015911124604577935,1
2.918891947132935,-0.010028582275887044,1
6.664114096333118,-0.024595905818664318,1
1.7878410360717956,-0.030129397818248266,0
4.599024749847946,-0.021784543333612412,1
4.291775005942695,-0.028268023143848894,1
5.394758942401992,-0.04519506387772776,1
3.0641133917595873,-0.035208466919493336,1
6.477750811672864,-0.002834284425077785,1
2.389270821015719,-0.04612002961970219,1
7.702961309199787,-0.03573016716878902,1
1.9203505926249207,-0.04425957924384444,0
7.374944093569444,-0.0049361194624397975,1
0.7390932402728501,-0.03996640010168049,1
7.205807249083863,-0.01533264635989922,1
4.041754754651527,-0.04206297817021698,1
5.573528310200452,-0.013507805677393042,1
7.970950217246541,-0.04352545068154414,1
2.994223587820329,-0.03582294061449256,1
5.744231800815188,-0.020304376587142032,1
3.7642999224943194,-0.04713189406644445,1
3.343391830728689,-0.0274302502689548,1
0.8221682505683372,-0.011343909803154834,1
1.174046775951454,-0.04572927921018786,1
0.9297737848540937,-0.04685044251301963,1
5.234891575946466,-0.008030970982020755,1
1.7486042217736673,-0.001019304745750238,0
7.62205329291561,-0.006954985334970763,1
7.100440525758496,-0.010163514695313743,1
7.888625427850492,-0.027661592187404816,1
2.534607652161359,-0.048278772559089855,1
4.710335071069801,-0.033757512761307784,1
6.988832038317378,-0.010332148555354997,1
7.708482214115314,-0.02453448277943887,1
3.0072910992870536,-0.01406085453059245,1
1.6231771295339303,-0.0496146501813466,1
7.379931660499355,-0.03535879485397073,1
7.470086552170015,-0.02378708127582395,1
5.7051920199851285,-0.036680987961339534,1
7.36630104002238,-0.044631725372437224,1
4.942431759701665,-0.03002977195804753,1
6.789055391239271,-0.01740725674624829,1
5.323344495775191,-0.015444000449264743,1
2.826182254004088,-0.009333438625927927,1
6.518275402414302,-0.0059688426981331505,1
5.338741543979848,-0.0023619108280900428,1
5.9639411444906525,-0.0359099671439001,1
6.515369870445019,-0.03185456780778226,1
7.307307525979544,-0.0474311164275282,1
5.299530256598196,-0.036426604452218014,1
6.420494056630606,-0.002168060564024979,1
0.446293930187454,-0.01502564223486099,1
2.9421660312312694,-0.029927890918910655,1
4.6416928364355705,-0.00916582771117879,1
0.1187468291875673,-0.028731368164653215,1
5.177977930571353,-0.0325623750420731,1
2.3025830965879734,-0.02052508420722108,1
1.9973321995291167,0.37057404684649586,0
1.9739974291239604,0.2608004072945993,0
2.0283812661272433,0.1366482626078212,0
2.169671964066819,0.10051708363299931,0
1.9836571258734472,0.20457386680843603,0
2.0601208001014486,0.15738737195210414,0
2.057847404322608,0.18075236738180708,0
2.1437042328932328,0.10051955809670182,0
2.0122752038718246,0.1490023737930108,0
2.0635299265107516,0.26161202093153535,0
1.834820510512371,0.2295631247572354,0
1.8948347105319319,0.11939261528496542,0
1.9519895895399977,0.26070670520271894,0
2.001327173936795,0.2924569118497242,0
1.8026051722761565,0.06840651044332449,0
2.0152713326573837,0.1745968869499083,0
1.9833630079493898,0.28010820167845735,0
2.134371689618784,0.15295987823844415,0
2.135536946568109,0.1679209810011431,0
2.194531424719771,0.21195566277413905,0
1.9373809100637058,0.3614402984388979,0
1.9629420770257981,0.2798796120963733,0
2.040981763060448,0.005001066095839057,0
2.03575805106761,0.23644912345299596,0
1.9582242771789145,0.19513668231706566,0
1.9285218281232681,0.26354395547392356,0
1.9729317045022547,0.3586901779543368,0
1.8851971846464008,0.17627622805532556,0
1.8540380813996553,0.13913839918559112,0
2.3105540103081053,0.21031321012629287,0
1.9207763080847786,0.17414910202910316,0
2.0113520066405286,0.16081198024906848,0
2.076555296083541,0.19497127758893396,0
2.144305814258889,0.19961566889701382,0
1.893319104927095,0.12510846115368937,0
2.027050159460586,0.30832788621540286,0
1.9648958566925416,0.20883129076224222,0
1.96627823248619,0.07318441619860738,0
2.074803227223731,0.2840483674445805,0
1.8777224432282493,0.2718458307464836,0
1.9125663736202132,0.28351793104683765,0
2.0482495314929254,0.2913240572859421,0
1.8936172923590986,0.2109708820519734,0
2.0486759088434954,0.29505228973168,0
2.0074127477077948,0.23842761663915413,0
1.8827502752301906,0.1805251973860922,0
2.031435701940731,0.4561489003785342,0
2.1025545788803353,0.21220180796515722,0
2.007028576788148,0.2513009697072142,0
2.0348567039590892,0.31268305866933055,0
2.040759054711717,0.14784702552410287,0
2.0766226793870377,0.10944540968109262,0
2.0861441223575863,0.4195405574792809,0
2.102307986413561,0.2921936054106944,0
1.96794253085274,0.20822630657782573,0
2.1588487120829196,0.2276445756487409,0
1.933471832431778,0.1992704063530385,0
2.0567257863454125,0.1685826367614011,0
1.8933259345174922,0.1420293071010109,0
2.0856342675242767,0.39655269450638964,0
1.8610351414085085,0.2458823788312777,0
1.9826468689254577,0.24523034634494018,0
1.9047469994173314,0.2357661289862737,0
2.1379286631540473,0.2701608836053212,0
1.898201852493253,0.21653120713870078,0
1.9215139492844093,0.26714633040028707,0
1.8011680779357795,0.24189862569022344,0
2.0023888220195127,0.3707194382793085,0
2.0544093074157566,0.14672451289711735,0
2.157346128028542,0.21065359533060257,0
2.0265416443472297,0.48767247050123164,0
1.9939571669656453,0.18645922070031454,0
1.908404844757126,0.22707055982661495,0
1.9974987938944266,0.18824278952732934,0
2.090269452353938,0.22212929431902526,0
1.8881233294923916,0.20095904560930006,0
2.1040055667160025,0.010972383826060916,0
1.9907953769714475,0.15752352383793758,0
2.094659612335461,0.3360262727967357,0
2.0828722623045652,0.14886094820989162,0
2.0759869591618605,0.2083368892165605,0
1.9245124473963982,0.2308393758953515,0
2.023458066021722,0.2784720863213182,0
1.9829666722716623,-0.004011318541958936,0
2.0117775920782095,0.26186876730999276,0
1.9574338612652182,0.17627550390238275,0
2.0950605284322408,0.2734164285986106,0
1.910561603506146,0.222735095109451,0
1.974499080201881,0.20768970850620586,0
2.138020587037597,0.06077422096750973,0
1.835574424664542,0.14680764568744303,0
2.0589504695833885,0.3088402786751964,0
2.005734453775825,0.07630392895104135,0
1.9155791130520297,0.30807748156745524,0
1.9412572462360729,0.2123357222240882,0
1.7960956767366372,0.2217579210731999,0
1.8100470092310936,0.13887357987126436,0
2.0404892081706323,0.31512659442258334,0
1.8942660360560857,0.2892860103950883,0
2.07103681481723,0.1966275589077341,0
2.0626658556152955,0.22633205702882095,0
1.9638967409351074,0.19996390995981544,0
1.9305030134524965,0.4636173243063358,0
2.10978401381101,0.31961351837634355,0
1.93346859210641,0.12403824997872773,0
1.9780946046234071,0.22780947655030617,0
2.0178110003681184,0.10812426895166921,0
1.9467665868549204,0.2801511748609077,0
2.0523298569516286,0.19914283700139734,0
1.9453868084296817,0.17618296112984783,0
1.8898799780590858,0.21606957929717863,0
1.9797692322087808,0.2802566686580234,0
1.920956129656082,0.08085147253781935,0
1.8280338331822306,0.21195600853808264,0
1.9565369106863382,0.40281117596685334,0
1.8366295104209258,-0.02632547153360751,0
2.2057064072514803,0.3346647032290207,0
1.8823323970338652,0.12656476216838536,0
2.2259048222493405,0.17409419627893258,0
2.1571014144745764,0.26125343634825526,0
2.0046653555182727,0.14562546302253815,0
1.976508711381286,0.07834244799229569,0
2.090666414751039,0.24520427437083378,0
1.947665954211014,-0.06358234875617452,0
2.039278266936378,0.24159365767378604,0
1.9229396951419113,0.4351187847195975,0
1.992401430724383,0.3380989387549018,0
1.9511613890115225,0.19046711993218995,0
2.086124886744085,0.0911754331232758,0
2.057732520704725,0.08962467099090479,0
2.082881026701211,0.15196964715634828,0
1.824543291615409,0.09017819540199411,0
1.972695463429097,0.13805238590826557,0
1.9766181908906646,-0.0005968140512855324,0
2.054259435853716,0.16735958949686175,0
2.1319530021016617,0.09070415312286202,0
2.0429104523356196,0.34067093931299175,0
2.023057729226862,0.23754576587050333,0
2.0040864329959125,0.133391560492737,0
1.9044110645987309,0.2914173932323247,0
1.9918782846457617,0.27081564808690395,0
2.0457841493336932,0.20759610082588234,0
1.9817190553053576,0.2600330913974181,0
2.0314444400559557,0.06044435233039444,0
1.8812995062899327,0.2279005150622914,0
1.9072958873018233,0.40155814322116856,0
1.876106414340454,0.18859564852071345,0
1.9192028242419437,0.19629743868027508,0
1.828773944572166,0.23556890126293162,0
2.007824589764552,0.2569722822182696,0
1.9061902606075942,0.2950592517698972,0
2.093427154149501,0.16266412381036638,0
1.9626882357084332,0.1940884506964179,0
1.9792225605615072,0.1467128975846158,0
2.0223535677217344,0.26038776320821544,0
2.0048782476309066,0.010651674785219889,0
2.0069254412613664,0.2526666883391497,0
1.9071009562862884,0.2513059017993141,0
2.1421183512361552,0.14099067006685978,0
1.8867088412641295,0.2614210419165206,0
2.0907197987253827,0.13045809209285533,0
2.0590131345744127,0.16160890133561867,0
1.8784989263557945,0.2321328649524558,0
2.0177820164115694,0.19202199636985112,0
2.088787760924925,0.13347902682316226,0
1.8366585365079395,0.24573505299718773,0
1.9926657862685393,0.1989422956957106,0
2.105901334919616,0.37403138143501624,0
1.9090414606814854,0.3009457513184955,0
2.061153197899782,0.3703332940774763,0
1.7628378473767694,0.12402608279488243,0
2.158260263542658,0.197593963221717,0
2.0938519667480087,0.3623596613457019,0
2.3344485115916696,0.05529919906900138,1
1.998981594341301,0.21782819174458817,0
1.9850358367410537,0.25501708381899446,0
1.9913546499490427,0.21402149836579526,0
2.117257415266929,0.21108869745843084,0
2.06655535623001,0.09700346162510623,0
1.881408536523514,0.03148145763956306,0
2.0971343755681215,0.02450479403163358,0
1.8952807501975562,0.17410268301930548,0
1.9530604727546401,0.12258455172379508,0
1.997746697070609,0.20879254132774022,0
1.9513711566193053,0.1336354309968948,0
2.110529310464796,0.2241817140084772,0
2.1348113158353423,0.5412793286517816,0
2.0435701752998527,0.48554333284799234,0
2.14292218889908,0.09862983635011349,0
2.1623009838918814,0.0923099649991624,0
2.1967250160542906,0.22093563908884883,0
1.8444397087836935,0.25323879936599275,0
2.1635206796517847,0.1467717200620084,0
2.0240601888150347,0.09990343374596611,0
1.9679558315797052,0.09173152311241342,0
1.9188324501492753,0.1594119389024563,0
1.9518366565009584,0.08605228486443253,0
2.028882171229052,0.040559613593550536,0
1.9252862046855201,0.38187591503078044,0
2.0857653130949765,0.14884480233763134,0
1.8949457970235768,0.32583148300483866,0
1.8907420068003316,0.12368305537556284,0
1.9613344902461662,0.17502032902874187,0
2.1118212997682857,0.23083393373140457,0
1.7826144205580672,0.1894168263562284,0
2.1262820852742212,0.31054804531578595,0
1.8901637356687149,0.17810136576279645,0
1.9005635311103823,0.10231782092280334,0
2.0306154362309954,0.23577007707252584,0
2.038399064232824,0.18581005721236182,0
1.9583439925465385,0.22755233927792756,0
2.0605342045759847,0.2439565625184942,0
1.9718486291945425,0.21397950350160452,0
2.043960365718246,0.21824668518658175,0
2.0122249934832532,0.14109677191722422,0
2.0925776828264597,0.23227754053958388,0
1.9713259938535403,0.08796455167681246,0
2.0538926796948993,0.2688228048286396,0
2.0778621318872155,0.15419478625929406,0
2.003283729797967,0.33182308087714557,0
1.9481948843990042,0.22223871808410067,0
2.011905067562862,0.17178629188884859,0
1.9814495970066304,0.2955210132055984,0
2.01209930875804,0.23538697076364115,0
2.071259872838996,0.1475116884364624,0
2.0175591431904696,0.24933818636748042,0
1.9769560261994161,0.24499379077918618,0
2.209818324641754,0.28426176117116436,0
2.0086836268969654,0.17113694158601006,0
1.982623101523836,0.15494758634463746,0
1.953135226215507,0.2675341675662869,0
2.030151783693215,0.2618497459063776,0
1.8814309220772,0.23507124631999698,0
1.8934052536608845,0.24736694004437437,0
1.9374879026361995,-0.017460111341557616,0
2.1368994686930627,0.15311805809768286,0
1.9619398693149972,0.22706590341168031,0
2.0280607569871387,0.20442567949937443,0
1.9327015451980496,0.2627441173261368,0
1.9788154994396094,0.3972177919997203,0
1.9293509460661185,0.12125240376198552,0
1.8700679256745314,0.10319490863017532,0
1.9697165372197867,0.41677626649556543,0
2.0520970871016497,0.35665224091583064,0
1.9792769131143706,0.23997271733487557,0
1.9960698586819603,0.16504680484605827,0
2.0170963332749614,0.19524216701576297,0
2.0154665869154753,0.04445803940794138,0
2.005357279751694,0.3968623239458919,0
1.979972458751151,0.13309767978202378,0
2.029376560221654,0.1936035687044369,0
1.800922183081608,0.07128909480459752,0
1.9799713166137878,0.18824091822550099,0
1.9230949052243267,0.17319722224252526,0
2.1958085191790553,0.29279582314249464,0
2.202002058310266,0.08157280153657163,0
1.9613811672174948,0.2329959105131083,0
2.115687440179859,0.12400252681676367,0
2.0362969962671285,0.23897671298008352,0
1.9136207982085525,0.22922820090768029,0
2.1185736008937797,0.16979035534407685,0
1.9062274393926721,0.25516650459617407,0
1.9939166859522737,0.19717453512143596,0
2.1779727824588018,0.1898435955485144,0
1.8779474361676503,0.03584108181242521,0
1.8835794678419946,0.13840625771783976,0
1.9284170356703936,-0.01594659249734262,0
1.9506396504735535,0.20115934935313876,0
1.996220496738579,0.16084465033309533,0
2.1167208570300757,0.1030847052532315,0
1.9512157664447485,0.10659896264398694,0
1.974660342741288,0.3112696486372326,0
2.0001361825659223,0.2606464242172417,0
2.1867722986158453,0.17781409647108026,0
2.0301528689908848,0.12175395086793227,0
2.130309803615379,0.19720105840787536,0
1.7805176435668617,0.3034500024216982,0
1.965172866326166,0.21212405820081945,0
2.0940171749554595,0.14196149285896825,0
2.188672649201925,0.2919185235613303,0
2.155715061581735,0.24425195343769512,0
2.040706805135777,0.2497251408907825,0
1.9470208820626622,0.2530659760099655,0
1.9148242921624172,0.15887720310055753,0
1.846299300822688,0.20082464745390777,0
1.9368656292034616,0.23481164394840823,0
2.0367947714374077,0.2349670497599789,0
2.1223814673032457,0.2625556376184213,0
1.9329984875519612,0.11139604753978782,0
1.8181635706124164,0.25128873401290847,0
1.9120742846655125,0.18183040726312477,0
2.1173854800239216,0.13267746649647072,0
1.9985151015877876,0.22747171781727205,0
1.9872031925180142,0.05746759782814559,0
1.9703136023899144,0.16900297285840382,0
1.9833558106104232,0.4084965921124937,0
2.126390703863798,0.15730282883546454,0
1.9813961344880668,0.2977788612268042,0
1.9958852395646052,0.16375274041992044,0
2.062483609797172,0.05340370397525204,0
1.8977271836105551,0.10499741439592365,0
1.9459876391619295,0.2806757844959678,0
1.8512296010238065,0.16376090550502548,0
1.8578777105257762,0.23925563738774058,0
1.928472003342659,0.1605163424428416,0
2.0154513526579017,0.2368792879125973,0
2.075634982944581,0.015550018380786235,0
1.8649218973517172,0.2739353291251277,0
2.0673154599201253,0.2808671191684892,0
2.007337235608482,0.14388196996374158,0
2.0741035894307935,0.3517719111038779,0
2.0333641440370047,0.15731545255728674,0
1.8374186844676081,0.268983304131948,0
1.8982866581801012,0.298182087864829,0
2.0133152757619177,0.25955326184751804,0
2.0089746718332915,0.33856927377962764,0
1.9996609735397415,0.01491832894196346,0
1.8823730113468338,0.2502380350811555,0
2.1543972096420045,0.24050215964817734,0
1.8441797237233983,0.3059913037083771,0
1.981080177409252,0.07263405222299604,0
2.010669688829291,0.26515065421780504,0
1.7709513957701701,0.20209663670353595,0
1.9011737678913958,0.04137953673599007,0
1.9462876267534235,0.09160733872247875,0
2.077739797122339,0.049886746671093884,0
2.0925235647809908,0.20682543971466008,0
2.0895143130864873,0.18556539542266165,0
2.233486439259278,0.15428668102196202,0
1.8136106908542833,0.15242937943378365,0
1.8709967010342314,0.2876298058714125,0
1.9058486790326046,-0.011381262732257535,0
1.8610404957849283,0.18195622434581793,0
1.8593519894423909,0.29223279717471123,0
1.9874368219062994,0.28263931182380275,0
2.0010399569051827,0.15197779646066623,0
2.0854318693558422,0.3558856048816213,0
1.9669047574080907,0.23836060694034564,0
1.9303532173258202,0.18114996098781966,0
2.032950577373771,0.18155700807546513,0
1.9336603629370797,0.18174263098934754,0
2.0837418584455403,0.16792719881714277,0
2.0598582087484734,0.21505696836824195,0
1.9279772085408364,0.21059494990723948,0
1.8823169095226475,0.25580325700963624,0
2.0242460115198644,0.14682317988623553,0
1.9855446373769536,-0.06057080872473425,0
1.9726244782670956,0.11978565153758279,0
1.9690599483393472,0.2547671155462859,0
2.038464660466462,0.2714801157894272,0
2.172024119065284,0.15021944186511502,0
1.9356880393132285,-0.05070086858243017,0
1.804226590029189,0.2279728245462376,0
2.0487720093621675,0.25637263650007247,0
1.9636673881034166,0.03239526315815605,0
2.115483402016212,0.09687818451591626,0
2.0662775966702114,0.19593826269754294,0
2.0567054155172166,0.20433466121719326,0
2.1130517726209654,0.024412099857185815,0
1.9869488407422855,0.16088845691502268,0
1.9840068455947022,0.13560201043363157,0
2.079752051066048,0.19932628062958468,0
2.0593880384006087,0.2435091979824579,0
2.1416088792744405,0.20498486372088615,0
2.014803847278131,0.29314540105842607,0
1.9043822984228087,0.194582452254184,0
1.989068797795021,0.1244280152428777,0
1.9682507419554116,0.17290146349118543,0
1.9850855714740714,0.2508865998251963,0
2.0112797727244645,0.27717860885996204,0
1.8552417462637179,0.26578673220339516,0
1.957736344779077,0.05798360816820103,0
1.64581122214454,0.2062788301218125,0
2.0651045510472277,0.1397074860918707,0
1.9955600047854647,0.22587142701212146,0
1.9251343997121615,0.13914265061755615,0
2.082425601328049,0.21641153328292245,0
1.823068026604233,0.10969818605634965,0
2.164191382035984,0.21854142501450322,0
2.0304077432255805,0.180612425560625,0
1.888804212898316,0.38449375046267736,0
1.881068546917426,0.215373546405962,0
2.0653997336704015,0.15257643088235423,0
2.093325758620345,0.002835957112199028,0
1.9249925054388393,0.27082114069182267,0
2.0933625679670773,0.14151252891778734,0
1.9121300253546107,0.20178596183145373,0
1.9036845823806134,0.16196580392755283,0
1.935256551739232,0.20136147331572132,0
2.058522183658602,0.2870411278870975,0
1.8698055656566896,0.385082164635805,0
2.076773060145099,0.2825118000321849,0
2.0018088498195152,0.13766693305314193,0
2.010744653724276,0.32545157234678224,0
1.8446772421189166,0.18145444622185078,0
1.8823522600741809,0.2148479363987422,0
2.000640766645578,0.27463191414046817,0
1.9156637588487733,0.1621553924308089,0
2.0223683215554287,0.16341154327114182,0
1.9496606029180767,0.2416770918472179,0
1.84440228216551,0.2149407459557769,0
1.945858011383017,0.32230116242419876,0
2.0319771637933695,0.20496110044401708,0
1.878655023532603,0.27558042156609186,0
1.8722976415255177,0.006211781277976058,0
1.708964296889339,0.3635745201799131,0
1.9631774593206146,0.2559911203469515,0
1.9167092121350118,0.24176375986126422,0
1.9899916092055305,0.19837344173501134,0
2.001298994532744,0.18967784792190084,0
2.081941388306332,0.17159555836121648,0
1.9341337699691767,0.19937703358654096,0
2.1513232076469984,0.07319274650753807,0
1.9826430538372497,0.16172752391123224,0
1.9645593750772212,0.2674288028790529,0
2.0406336368810583,0.12593666884390553,0
2.0794347561199054,0.20293952594878878,0
2.0648169731831922,0.20232101675383882,0
2.1720121583427985,0.30487808423328666,0
2.050222649505586,0.12514815706942695,0
2.059765073944258,0.29524341245230995,0
1.9254662926061656,0.15516816600852687,0
1.9403090929765638,0.14402593813521847,0
2.0699775016440247,0.25234512072208387,0
1.8223058474537914,0.11114180925939547,0
1.9177852098179742,0.19678742705351138,0
1.956136616946018,0.2542567518570793,0
1.9589710822240678,-0.026189390572274374,0
2.021604013874139,0.31531650417828994,0
1.899329840409319,0.03718968144066165,0
1.9067908339279034,0.18602341635686265,0
1.9997964256836418,0.34204305473687946,0
1.940325621998715,0.20466282710671171,0
2.1431933201866444,0.369169603648847,0
1.870479821959095,0.23347763823146903,0
2.0413427449876087,0.16565197651393668,0
2.073126820117481,0.3578974392769065,0
1.7489557661697186,0.0848801621352,0
2.053554436831453,0.07110918755218587,0
1.9236205069274095,0.25732207652070377,0
2.0957342373442813,0.09833002011877795,0
1.8707414936445903,0.16253274639408155,0
1.9503450982024242,0.2860577615344635,0
1.9174586846141013,0.23744869512918565,0
2.048902870685962,0.23811623638425466,0
2.214998569928834,0.2021165673650679,0
1.975814084028856,0.1768717738755371,0
2.042462659012315,0.1516682334742792,0
2.107707534950391,0.20032512172018788,0
1.9309733662095931,-0.08862251702277119,0
2.0859042796418157,0.20882274664688633,0
2.0072971123640446,0.08663665858575186,0
2.0851827453906164,0.2544375027670057,0
1.948350942428,0.24296654330683468,0
2.021600608067911,0.1142632394233783,0
2.101037470327179,0.2632265346080249,0
2.0192994011317666,-0.0026424818308409814,0
1.9341482607509544,0.1093606393146922,0
1.9709103658777023,0.20694524721929788,0
1.9828806195973216,0.18209062601968476,0
1.8888992536950717,0.1940976003656054,0
1.7196637551949192,-0.024030516695556697,0
2.0970088011824224,0.07016305649003182,0
1.9126509658142652,0.1593991764095138,0
1.9736309125908464,0.21230214811011314,0
1.9803754324603429,0.26450454163080894,0
2.0018898974720334,0.2842485056195415,0
2.061027131400114,0.2277289703415978,0
1.9704854718189702,0.12963295009338383,0
1.9058413337578508,0.41368886780904696,0
1.957287552247723,0.16526997762322815,0
2.0506727063406784,0.08573780374824613,0
1.9949927935367076,0.25065159495295686,0
2.0311696611146437,0.16747973607580324,0
2.0471002537561462,0.15450353254995913,0
1.7807994332064827,0.20204556618852668,0
1.9148023236027878,0.259884963022196,0
1.842324002945205,0.26908966535618195,0
2.080461804172045,0.18014210572533412,0
2.034046004936756,0.11376192410042864,0
2.206005345109627,0.337557372068512,0
2.0447125081814255,0.12691406509208103,0
2.0730717333012856,0.23040425273214798,0
2.180501986696628,0.24791322107019104,0
1.8970665402191909,0.24556059578441097,0
2.156012867928575,0.29998386857264503,0
2.0767272899033093,0.16406735875730624,0
1.9652746617935481,0.1647799819250202,0
2.0960353766842803,0.2079782904055663,0
1.9135762561358112,0.1812092210103254,0
1.919509435316862,0.0390477005918928,0
1.887221348679855,0.2467126730719104,0
2.1562139880373348,-0.027724586970172604,0
1.859340216749421,0.1478712224097098,0
2.082241351081542,0.22638195398432928,0
2.090739603288621,0.25903560112951013,0
2.069102704652054,0.10402982600321024,0
1.9735084731497834,0.1820906216120548,0
1.983449339496927,0.2762496612599272,0
2.0674100985671133,0.19825167399976373,0
2.084778297940682,0.2516969929412436,0
2.0180515514490276,0.12528469429740358,0
1.95490694811439,0.17607240657994302,0
2.0414116592027987,0.2585554946955442,0
2.058983145170063,0.3891785960684153,0
2.174055812906788,0.27622491361006685,0
1.979754789924273,0.20951851844434216,0
2.048120443341329,0.02524878236367223,0
1.8474260683937604,0.17800381962184086,0
1.9451775431858036,0.26113424723412054,0
1.9078237995960945,0.3229577338619223,0
1.9622727128023492,0.1741035617754569,0
2.119412260251297,0.2570698242455734,0
2.2215074895922284,0.23916574921437203,0
2.044141238469409,0.1194688481751326,0
1.9303577431770813,0.2072046284944991,0
2.042156579446174,0.3004922179520484,0
2.0245562101180408,0.1948842659038283,0
1.8692251007727592,0.13203742371042293,0
2.0816645777128153,0.10049067061199371,0
2.165406273992831,0.17908872547068805,0
2.167027336909196,0.3004075293281522,0
1.896056952079471,0.13133416528386083,0
1.955271011835166,0.15626217588064123,0
1.9467597688639755,0.1659189501390862,0
1.9735517041061008,0.26804714550225,0
1.9856727431436954,0.115852376519031,0
1.8013069719698738,0.4794017344087985,0
1.9667588127420683,0.04258301479846288,0
1.962775689269346,0.15645467278231517,0
1.9547507173963585,0.21648004502441606,0
2.1539308570405185,0.24701092802043206,0
1.828839794232417,0.2164205061068279,0
1.881396787905445,0.25408377826442935,0
2.03212266468393,0.14937427902233352,0
2.072275810749401,0.2610159464507711,0
2.004272609182928,0.1704519560143776,0
2.000534791864939,0.18048144575817088,0
2.0027812482269027,0.24482161111803635,0
2.0423304309858823,0.24169987969798262,0
2.069186403438687,0.1474629936362635,0
2.039232944599558,0.2765408802548136,0
1.9636386410768494,0.07853383428912873,0
2.1560072404642607,0.35821258547799706,0
2.0943128930470896,0.182402158316817,0
1.9728899573041991,0.07983009006913733,0
2.1455854985519345,0.160997084605477,0
1.8854398932095846,0.19769759990008728,0
2.0135212836462753,0.2653072104783464,0
2.14681382782711,0.13663266389231904,0
2.0877772458596864,0.2934674688868346,0
1.8665811142076039,0.27758456958383043,0
2.0115683381201594,0.16356722902482546,0
2.030328089000824,0.19003323727859636,0
1.8607573235822759,0.13313288640098564,0
2.0528533244298037,0.3254146879660461,0
2.116113342518953,0.008869362835079025,0
1.9800565841706677,0.15108457594342614,0
1.86965811208977,0.1339428245019717,0
2.061406368675449,0.11609758467424454,0
1.9325948214871569,0.16143657328240638,0
2.0225276784594564,0.39260317480418766,0
1.9843235637848147,-0.04935510693265441,0
2.067235573929868,0.19312088758940532,0
1.8469424432550356,0.3872995458021679,0
1.946743584716192,0.2798335749786789,0
1.9993452782426309,0.06754841358363065,0
2.1136968922025794,0.09419408181382204,0
2.0009236524448952,0.24814989252849134,0
2.1686215008825207,0.16465831924509353,0
2.05269925675189,0.2329516744827998,0
2.269589201059606,0.3136871125267191,0
1.9748908898212765,0.4263808960224069,0
1.9046912799677735,0.20123345111772198,0
1.7947222951201454,-0.0067561906712684805,0
2.0378041151589894,0.2728912963762802,0
1.7454890861080687,0.19761867543424178,0
1.9883554558738115,0.40486597688470316,0
2.0073692503942353,0.17997696360653098,0
2.0875176564538775,0.23781687768881818,0
1.9777641395874654,0.2122886939125747,0
1.920758051660477,0.3414916254691128,0
1.967417441236681,0.2911422481623647,0
1.9158971221656689,0.25315907276124094,0
1.9740756718098675,0.06697771480616593,0
2.2534527078311726,0.3076821425945584,0
1.951343281693717,0.0843950416176042,0
1.9618857986019587,0.29226817355789675,0
2.0945951023598557,0.03911481372398978,0
1.9667097798218875,0.12892161188632598,0
2.1201854029186396,0.4121724039239923,0
1.9890378129343602,0.2954435800930081,0
2.1362947095040976,0.18765661975602183,0
1.9812596004984722,0.3230906651719606,0
1.7014767217884161,0.2811290683894882,0
2.0508879042290546,0.26404351358254646,0
1.8675798264378354,0.36337665234453814,0
1.9983437494731475,0.20095637579866923,0
2.032225261622428,0.27140293667904514,0
1.82323793081373,0.30751362193152454,0
2.0164402962204484,0.4280706992840322,0
2.11293870244408,0.3957619174833227,0
2.0474799337352523,0.06732710624503166,0
2.083280382589504,0.22393028094390607,0
1.8625853358310012,0.3832134168444044,0
2.088901985068606,-0.12171704137508094,0
1.9509032325256144,0.11139659759902992,0
2.0466561235072125,0.1515218048486054,0
2.1273696146649375,0.28019635536891463,0
1.9470018361727734,0.21723312077597345,0
2.0385881780726343,0.06477813536731916,0
1.9669088578118434,0.047122725168378926,0
1.8946964737946703,0.22102462322158706,0
2.021360711088198,0.2958586646170393,0
1.868863588890535,0.21490270965022013,0
1.9122843924261914,0.13678089930930737,0
2.0638621803646684,0.15170856230471264,0
2.009391931103138,0.3150174074192116,0
2.042308462445154,0.17867407536266897,0
1.9771981868877286,0.17304240146494118,0
2.092877710031262,0.226518845563298,0
2.0798638983970394,0.2532581876209783,0
2.00538573237744,0.08272079493842355,0
1.9707000482083485,0.25953482577168835,0
2.1176395802999455,0.19566590445094745,0
2.0290909680597697,0.15475232499066646,0
2.1907803275067326,0.1084380834270897,0
2.0305112607312568,-0.05368109120697295,0
2.01487413724021,0.32633679377959635,0
2.147048843998452,0.21321617477561114,0
1.9714084077657532,0.06876511250556264,0
2.110227581982841,0.2778168407433293,0
2.0172958176954947,0.2826505726178139,0
1.8615335831144995,-0.06739529793200505,0
1.9283278171449465,0.20434552923661323,0
1.9423774041945148,0.0882916040946379,0
2.0954970591479944,0.0911300498634342,0
1.97407530459281,0.17557612276899862,0
1.9017086617450594,0.07125218105244474,0
1.9969347033079161,0.04359734158047657,0
1.963291621819457,0.172622814100514,0
1.952471666311375,0.08660390532491397,0
2.0717768400245524,0.24015684165135054,0
1.8846055877276198,0.07077551442088595,0
1.9166971337799412,0.35659090868318327,0
1.9647784269891728,0.14722590106808847,0
2.0685589756994496,0.24910467442692408,0
1.9718387719136246,0.19662308922157448,0
1.9115820412888325,0.1489139071200284,0
1.8211018238807983,0.3365526703100267,0
1.9443625597117264,0.01957228741489181,0
2.0043213821044192,0.14150648294946538,0
1.9547756413630735,0.4346773816351297,0
1.9990081339152048,0.0837572507122889,0
2.03203441388241,0.20237367201298875,0
2.096842812482252,0.2759983905336415,0
2.018525832693533,0.3214241372689868,0
2.1577705982125632,0.20697770396022158,0
1.8970755375765653,0.08980336889433449,0
2.082380229813844,0.24411689540120207,0
2.0954345090778537,0.27875518063830473,0
1.937305342531897,0.057819704854426335,0
2.073516402316151,0.07229428524909548,0
2.0513679326804035,0.2173108407322914,0
1.9227942559166884,0.03619254260200358,0
1.9856478654376095,0.13959731652064475,0
2.0770324208081656,0.04448683317300259,0
2.101824471446839,0.2975538251712649,0
1.9479262340296677,0.1287535150965478,0
2.0034979440392537,0.08690024895548379,0
1.8532606719337212,0.37199154423732506,0
2.0578644285157197,0.22049706448969258,0
1.9839605239588805,0.13654376628152265,0
2.112781369041343,0.19777173758164332,0
2.0532105670269853,0.30231774686015855,0
1.985857045320726,0.04867638601915264,0
2.0492796684801378,0.1762231558865926,0
1.9912191544275648,0.37970729627071453,0
1.9546621887955578,0.2179561511503305,0
2.068944969158648,0.17957528547392987,0
2.1940551829549793,0.24610544852274838,0
1.9855333453842006,0.11564400131040142,0
1.9774130767040439,0.39254934713100736,0
2.069868210312022,0.2519285431386555,0
2.006035924353052,0.28581097351792617,0
2.085802765318939,0.2550982177264393,0
2.0377532236599425,0.122931572096025,0
1.946059100238296,0.06586279614992194,0
2.1315093109613863,0.2784061903183278,0
2.0103255607922677,0.1551862263788552,0
1.9448553507886601,0.18195642762516087,0
1.9249889897225037,0.3325815807507898,0
1.8104826550146897,0.2827526148998676,0
2.254946738353975,0.10147656494526087,0
2.0289855403069086,0.28431481762040556,0
2.252407547069654,0.18061513102437277,0
2.164909897742231,0.43067130842818835,0
2.1062721551092363,0.27827110468060395,0
2.210050671153912,0.31068216965250495,0
1.9876829497673103,0.2761836905951598,0
